<?xml version="1.0" encoding="UTF-8"?>
<project-private xmlns="http://www.netbeans.org/ns/project-private/1">
    <editor-bookmarks xmlns="http://www.netbeans.org/ns/editor-bookmarks/2" lastBookmarkId="0"/>
    <open-files xmlns="http://www.netbeans.org/ns/projectui-open-files/2">
        <group>
            <file>file:/C:/Users/riska/Downloads/TP2IBNU/TP2IBNU/Code/src/Main/panelArtis.java</file>
            <file>file:/C:/Users/riska/Downloads/TP2IBNU/TP2IBNU/Code/src/Main/panelSinetron.java</file>
            <file>file:/C:/Users/riska/Downloads/TP2IBNU/TP2IBNU/Code/src/Main/FormSinetron.java</file>
            <file>file:/C:/Users/riska/Downloads/TP2IBNU/TP2IBNU/Code/src/Main/dbConnection.java</file>
            <file>file:/C:/Users/riska/Downloads/TP2IBNU/TP2IBNU/Code/src/Main/ImageSet.java</file>
            <file>file:/C:/Users/riska/Downloads/TP2IBNU/TP2IBNU/Code/src/Main/Artis.java</file>
            <file>file:/C:/Users/riska/Downloads/TP2IBNU/TP2IBNU/Code/src/Main/FormArtis.java</file>
        </group>
    </open-files>
</project-private>
